Computer,IP
DPSWAA-184-10,10.198.184.10
DPSWAA-184-11,10.198.184.11
DPSWAA-184-12,10.198.184.12
DPSWAA-184-13,10.198.184.13
DPSWAA-184-14,10.198.184.14
DPSWAA-184-15,10.198.184.15
DPSWAA-184-16,10.198.184.16
DPSWAA-184-17,10.198.184.17
DPSWAA-184-18,10.198.184.18
DPSWAA-184-19,10.198.184.19
DPSWAA-184-20,10.198.184.20
DPSWAA-184-21,10.198.184.21
DPSWAA-184-22,10.198.184.22
DPSWAA-184-23,10.198.184.23
DPSWAA-184-24,10.198.184.24
DPSWAA-184-25,10.198.184.25
DPSWAA-184-26,10.198.184.26
DPSWAA-184-27,10.198.184.27
DPSWAA-184-28,10.198.184.28
DPSWAA-184-29,10.198.184.29
DPSWAA-184-30,10.198.184.30
DPSWAA-184-31,10.198.184.31
DPSWAA-184-32,10.198.184.32
DPSWAA-184-33,10.198.184.33
DPSWAA-184-34,10.198.184.34
DPSWAA-184-35,10.198.184.35
DPSWAA-184-36,10.198.184.36
DPSWAA-184-37,10.198.184.37
DPSWAA-184-38,10.198.184.38
DPSWAA-184-39,10.198.184.39
DPSWAA-184-40,10.198.184.40
DPSWAA-184-41,10.198.184.41
DPSWAA-184-42,10.198.184.42
DPSWAA-184-43,10.198.184.43
DPSWAA-184-44,10.198.184.44
DPSWAA-184-45,10.198.184.45
DPSWAA-184-46,10.198.184.46
DPSWAA-184-47,10.198.184.47
DPSWAA-184-48,10.198.184.48
DPSWAA-184-49,10.198.184.49
DPSWAA-184-50,10.198.184.50
DPSWAA-184-51,10.198.184.51
DPSWAA-184-52,10.198.184.52
DPSWAA-184-53,10.198.184.53
DPSWAA-184-54,10.198.184.54
DPSWAA-184-55,10.198.184.55
DPSWAA-184-56,10.198.184.56
DPSWAA-184-57,10.198.184.57
DPSWAA-184-58,10.198.184.58
DPSWAA-184-59,10.198.184.59
DPSWAA-184-60,10.198.184.60
DPSWAA-184-61,10.198.184.61
DPSWAA-184-62,10.198.184.62
DPSWAA-184-63,10.198.184.63
DPSWAA-184-64,10.198.184.64
DPSWAA-184-65,10.198.184.65
DPSWAA-184-66,10.198.184.66
DPSWAA-184-67,10.198.184.67
DPSWAA-184-68,10.198.184.68
DPSWAA-184-69,10.198.184.69
DPSWAA-184-70,10.198.184.70
DPSWAA-184-71,10.198.184.71
DPSWAA-184-72,10.198.184.72
DPSWAA-184-73,10.198.184.73
DPSWAA-184-74,10.198.184.74
DPSWAA-184-75,10.198.184.75
DPSWAA-184-76,10.198.184.76
DPSWAA-184-77,10.198.184.77
DPSWAA-184-78,10.198.184.78
DPSWAA-184-79,10.198.184.79
DPSWAA-184-80,10.198.184.80
DPSWAA-184-81,10.198.184.81
DPSWAA-184-82,10.198.184.82
DPSWAA-184-83,10.198.184.83
DPSWAA-184-84,10.198.184.84
DPSWAA-184-85,10.198.184.85
DPSWAA-184-86,10.198.184.86
DPSWAA-184-87,10.198.184.87
DPSWAA-184-88,10.198.184.88
DPSWAA-184-89,10.198.184.89
DPSWAA-184-90,10.198.184.90
DPSWAA-184-91,10.198.184.91
DPSWAA-184-92,10.198.184.92
DPSWAA-184-93,10.198.184.93
DPSWAA-184-94,10.198.184.94
DPSWAA-184-95,10.198.184.95
DPSWAA-184-96,10.198.184.96
DPSWAA-184-97,10.198.184.97
DPSWAA-184-98,10.198.184.98
DPSWAA-184-99,10.198.184.99
DPSWAA-184-100,10.198.184.100
DPSWAA-184-101,10.198.184.101
DPSWAA-184-102,10.198.184.102
DPSWAA-184-103,10.198.184.103
DPSWAA-184-104,10.198.184.104
DPSWAA-184-105,10.198.184.105
DPSWAA-184-106,10.198.184.106
DPSWAA-184-107,10.198.184.107
DPSWAA-184-108,10.198.184.108
DPSWAA-184-109,10.198.184.109
DPSWAA-184-110,10.198.184.110
DPSWAA-184-111,10.198.184.111
DPSWAA-184-112,10.198.184.112
DPSWAA-184-113,10.198.184.113
DPSWAA-184-114,10.198.184.114
DPSWAA-184-115,10.198.184.115
DPSWAA-184-116,10.198.184.116
DPSWAA-184-117,10.198.184.117
DPSWAA-184-118,10.198.184.118
DPSWAA-184-119,10.198.184.119
DPSWAA-184-120,10.198.184.120
DPSWAA-184-121,10.198.184.121
DPSWAA-184-122,10.198.184.122
DPSWAA-184-123,10.198.184.123
DPSWAA-184-124,10.198.184.124
DPSWAA-184-125,10.198.184.125
DPSWAA-184-126,10.198.184.126
DPSWAA-184-127,10.198.184.127
DPSWAA-184-128,10.198.184.128
DPSWAA-184-129,10.198.184.129
DPSWAA-184-130,10.198.184.130
DPSWAA-184-131,10.198.184.131
DPSWAA-184-132,10.198.184.132
DPSWAA-184-133,10.198.184.133
DPSWAA-184-134,10.198.184.134
DPSWAA-184-135,10.198.184.135
DPSWAA-184-136,10.198.184.136
DPSWAA-184-137,10.198.184.137
DPSWAA-184-138,10.198.184.138
DPSWAA-184-139,10.198.184.139
DPSWAA-184-140,10.198.184.140
DPSWAA-184-141,10.198.184.141
DPSWAA-184-142,10.198.184.142
DPSWAA-184-143,10.198.184.143
DPSWAA-184-144,10.198.184.144
DPSWAA-184-145,10.198.184.145
DPSWAA-184-146,10.198.184.146
DPSWAA-184-147,10.198.184.147
DPSWAA-184-148,10.198.184.148
DPSWAA-184-149,10.198.184.149
DPSWAA-184-150,10.198.184.150
DPSWAA-184-151,10.198.184.151
DPSWAA-184-152,10.198.184.152
DPSWAA-184-153,10.198.184.153
DPSWAA-184-154,10.198.184.154
DPSWAA-184-155,10.198.184.155
DPSWAA-184-156,10.198.184.156
DPSWAA-184-157,10.198.184.157
DPSWAA-184-158,10.198.184.158
DPSWAA-184-159,10.198.184.159
DPSWAA-184-160,10.198.184.160
DPSWAA-184-161,10.198.184.161
DPSWAA-184-162,10.198.184.162
DPSWAA-184-163,10.198.184.163
DPSWAA-184-164,10.198.184.164
DPSWAA-184-165,10.198.184.165
DPSWAA-184-166,10.198.184.166
DPSWAA-184-167,10.198.184.167
DPSWAA-184-168,10.198.184.168
DPSWAA-184-169,10.198.184.169
DPSWAA-184-170,10.198.184.170
DPSWAA-184-171,10.198.184.171
DPSWAA-184-172,10.198.184.172
DPSWAA-184-173,10.198.184.173
DPSWAA-184-174,10.198.184.174
DPSWAA-184-175,10.198.184.175
DPSWAA-184-176,10.198.184.176
DPSWAA-184-177,10.198.184.177
DPSWAA-184-178,10.198.184.178
DPSWAA-184-179,10.198.184.179
DPSWAA-184-180,10.198.184.180
DPSWAA-184-181,10.198.184.181
DPSWAA-184-182,10.198.184.182
DPSWAA-184-183,10.198.184.183
DPSWAA-184-184,10.198.184.184
DPSWAA-184-185,10.198.184.185
DPSWAA-184-186,10.198.184.186
DPSWAA-184-187,10.198.184.187
DPSWAA-184-188,10.198.184.188
DPSWAA-184-189,10.198.184.189
DPSWAA-184-190,10.198.184.190
DPSWAA-184-191,10.198.184.191
DPSWAA-184-192,10.198.184.192
DPSWAA-184-193,10.198.184.193
DPSWAA-184-194,10.198.184.194
DPSWAA-184-195,10.198.184.195
DPSWAA-184-196,10.198.184.196
DPSWAA-184-197,10.198.184.197
DPSWAA-184-198,10.198.184.198
DPSWAA-184-199,10.198.184.199
DPSWAA-184-200,10.198.184.200
DPSWAA-184-201,10.198.184.201
DPSWAA-184-202,10.198.184.202
DPSWAA-184-203,10.198.184.203
DPSWAA-184-204,10.198.184.204
DPSWAA-184-205,10.198.184.205
DPSWAA-184-206,10.198.184.206
DPSWAA-184-207,10.198.184.207
DPSWAA-184-208,10.198.184.208
DPSWAA-184-209,10.198.184.209
DPSWAA-184-210,10.198.184.210
DPSWAA-184-211,10.198.184.211
DPSWAA-184-212,10.198.184.212
DPSWAA-184-213,10.198.184.213
DPSWAA-184-214,10.198.184.214
DPSWAA-184-215,10.198.184.215
DPSWAA-184-216,10.198.184.216
DPSWAA-184-217,10.198.184.217
DPSWAA-184-218,10.198.184.218
DPSWAA-184-219,10.198.184.219
DPSWAA-184-220,10.198.184.220
DPSWAA-184-221,10.198.184.221
DPSWAA-184-222,10.198.184.222
DPSWAA-184-223,10.198.184.223
DPSWAA-184-224,10.198.184.224
DPSWAA-184-225,10.198.184.225
DPSWAA-184-226,10.198.184.226
DPSWAA-184-227,10.198.184.227
DPSWAA-184-228,10.198.184.228
DPSWAA-184-229,10.198.184.229
DPSWAA-184-230,10.198.184.230
DPSWAA-184-231,10.198.184.231
DPSWAA-184-232,10.198.184.232
DPSWAA-184-233,10.198.184.233
DPSWAA-184-234,10.198.184.234
DPSWAA-184-235,10.198.184.235
DPSWAA-184-236,10.198.184.236
DPSWAA-184-237,10.198.184.237
DPSWAA-184-238,10.198.184.238
DPSWAA-184-239,10.198.184.239
DPSWAA-184-240,10.198.184.240
DPSWAA-184-241,10.198.184.241
DPSWAA-184-242,10.198.184.242
DPSWAA-184-243,10.198.184.243
DPSWAA-184-244,10.198.184.244
DPSWAA-184-245,10.198.184.245
DPSWAA-184-246,10.198.184.246
DPSWAA-184-247,10.198.184.247
DPSWAA-184-248,10.198.184.248
DPSWAA-184-249,10.198.184.249
DPSWAA-184-250,10.198.184.250
DPSWAA-184-251,10.198.184.251
DPSWAA-184-252,10.198.184.252
DPSWAA-184-253,10.198.184.253
DPSWAA-184-254,10.198.184.254
DPSWAA-185-10,10.198.185.10
DPSWAA-185-11,10.198.185.11
DPSWAA-185-12,10.198.185.12
DPSWAA-185-13,10.198.185.13
DPSWAA-185-14,10.198.185.14
DPSWAA-185-15,10.198.185.15
DPSWAA-185-16,10.198.185.16
DPSWAA-185-17,10.198.185.17
DPSWAA-185-18,10.198.185.18
DPSWAA-185-19,10.198.185.19
DPSWAA-185-20,10.198.185.20
DPSWAA-185-21,10.198.185.21
DPSWAA-185-22,10.198.185.22
DPSWAA-185-23,10.198.185.23
DPSWAA-185-24,10.198.185.24
DPSWAA-185-25,10.198.185.25
DPSWAA-185-26,10.198.185.26
DPSWAA-185-27,10.198.185.27
DPSWAA-185-28,10.198.185.28
DPSWAA-185-29,10.198.185.29
DPSWAA-185-30,10.198.185.30
DPSWAA-185-31,10.198.185.31
DPSWAA-185-32,10.198.185.32
DPSWAA-185-33,10.198.185.33
DPSWAA-185-34,10.198.185.34
DPSWAA-185-35,10.198.185.35
DPSWAA-185-36,10.198.185.36
DPSWAA-185-37,10.198.185.37
DPSWAA-185-38,10.198.185.38
DPSWAA-185-39,10.198.185.39
DPSWAA-185-40,10.198.185.40
DPSWAA-185-41,10.198.185.41
DPSWAA-185-42,10.198.185.42
DPSWAA-185-43,10.198.185.43
DPSWAA-185-44,10.198.185.44
DPSWAA-185-45,10.198.185.45
DPSWAA-185-46,10.198.185.46
DPSWAA-185-47,10.198.185.47
DPSWAA-185-48,10.198.185.48
DPSWAA-185-49,10.198.185.49
DPSWAA-185-50,10.198.185.50
DPSWAA-185-51,10.198.185.51
DPSWAA-185-52,10.198.185.52
DPSWAA-185-53,10.198.185.53
DPSWAA-185-54,10.198.185.54
DPSWAA-185-55,10.198.185.55
DPSWAA-185-56,10.198.185.56
DPSWAA-185-57,10.198.185.57
DPSWAA-185-58,10.198.185.58
DPSWAA-185-59,10.198.185.59
DPSWAA-185-60,10.198.185.60
DPSWAA-185-61,10.198.185.61
DPSWAA-185-62,10.198.185.62
DPSWAA-185-63,10.198.185.63
DPSWAA-185-64,10.198.185.64
DPSWAA-185-65,10.198.185.65
DPSWAA-185-66,10.198.185.66
DPSWAA-185-67,10.198.185.67
DPSWAA-185-68,10.198.185.68
DPSWAA-185-69,10.198.185.69
DPSWAA-185-70,10.198.185.70
DPSWAA-185-71,10.198.185.71
DPSWAA-185-72,10.198.185.72
DPSWAA-185-73,10.198.185.73
DPSWAA-185-74,10.198.185.74
DPSWAA-185-75,10.198.185.75
DPSWAA-185-76,10.198.185.76
DPSWAA-185-77,10.198.185.77
DPSWAA-185-78,10.198.185.78
DPSWAA-185-79,10.198.185.79
DPSWAA-185-80,10.198.185.80
DPSWAA-185-81,10.198.185.81
DPSWAA-185-82,10.198.185.82
DPSWAA-185-83,10.198.185.83
DPSWAA-185-84,10.198.185.84
DPSWAA-185-85,10.198.185.85
DPSWAA-185-86,10.198.185.86
DPSWAA-185-87,10.198.185.87
DPSWAA-185-88,10.198.185.88
DPSWAA-185-89,10.198.185.89
DPSWAA-185-90,10.198.185.90
DPSWAA-185-91,10.198.185.91
DPSWAA-185-92,10.198.185.92
DPSWAA-185-93,10.198.185.93
DPSWAA-185-94,10.198.185.94
DPSWAA-185-95,10.198.185.95
DPSWAA-185-96,10.198.185.96
DPSWAA-185-97,10.198.185.97
DPSWAA-185-98,10.198.185.98
DPSWAA-185-99,10.198.185.99
DPSWAA-185-100,10.198.185.100
DPSWAA-185-101,10.198.185.101
DPSWAA-185-102,10.198.185.102
DPSWAA-185-103,10.198.185.103
DPSWAA-185-104,10.198.185.104
DPSWAA-185-105,10.198.185.105
DPSWAA-185-106,10.198.185.106
DPSWAA-185-107,10.198.185.107
DPSWAA-185-108,10.198.185.108
DPSWAA-185-109,10.198.185.109
DPSWAA-185-110,10.198.185.110
DPSWAA-185-111,10.198.185.111
DPSWAA-185-112,10.198.185.112
DPSWAA-185-113,10.198.185.113
DPSWAA-185-114,10.198.185.114
DPSWAA-185-115,10.198.185.115
DPSWAA-185-116,10.198.185.116
DPSWAA-185-117,10.198.185.117
DPSWAA-185-118,10.198.185.118
DPSWAA-185-119,10.198.185.119
DPSWAA-185-120,10.198.185.120
DPSWAA-185-121,10.198.185.121
DPSWAA-185-122,10.198.185.122
DPSWAA-185-123,10.198.185.123
DPSWAA-185-124,10.198.185.124
DPSWAA-185-125,10.198.185.125
DPSWAA-185-126,10.198.185.126
DPSWAA-185-127,10.198.185.127
DPSWAA-185-128,10.198.185.128
DPSWAA-185-129,10.198.185.129
DPSWAA-185-130,10.198.185.130
DPSWAA-185-131,10.198.185.131
DPSWAA-185-132,10.198.185.132
DPSWAA-185-133,10.198.185.133
DPSWAA-185-134,10.198.185.134
DPSWAA-185-135,10.198.185.135
DPSWAA-185-136,10.198.185.136
DPSWAA-185-137,10.198.185.137
DPSWAA-185-138,10.198.185.138
DPSWAA-185-139,10.198.185.139
DPSWAA-185-140,10.198.185.140
DPSWAA-185-141,10.198.185.141
DPSWAA-185-142,10.198.185.142
DPSWAA-185-143,10.198.185.143
DPSWAA-185-144,10.198.185.144
DPSWAA-185-145,10.198.185.145
DPSWAA-185-146,10.198.185.146
DPSWAA-185-147,10.198.185.147
DPSWAA-185-148,10.198.185.148
DPSWAA-185-149,10.198.185.149
DPSWAA-185-150,10.198.185.150
DPSWAA-185-151,10.198.185.151
DPSWAA-185-152,10.198.185.152
DPSWAA-185-153,10.198.185.153
DPSWAA-185-154,10.198.185.154
DPSWAA-185-155,10.198.185.155
DPSWAA-185-156,10.198.185.156
DPSWAA-185-157,10.198.185.157
DPSWAA-185-158,10.198.185.158
DPSWAA-185-159,10.198.185.159
DPSWAA-185-160,10.198.185.160
DPSWAA-185-161,10.198.185.161
DPSWAA-185-162,10.198.185.162
DPSWAA-185-163,10.198.185.163
DPSWAA-185-164,10.198.185.164
DPSWAA-185-165,10.198.185.165
DPSWAA-185-166,10.198.185.166
DPSWAA-185-167,10.198.185.167
DPSWAA-185-168,10.198.185.168
DPSWAA-185-169,10.198.185.169
DPSWAA-185-170,10.198.185.170
DPSWAA-185-171,10.198.185.171
DPSWAA-185-172,10.198.185.172
DPSWAA-185-173,10.198.185.173
DPSWAA-185-174,10.198.185.174
DPSWAA-185-175,10.198.185.175
DPSWAA-185-176,10.198.185.176
DPSWAA-185-177,10.198.185.177
DPSWAA-185-178,10.198.185.178
DPSWAA-185-179,10.198.185.179
DPSWAA-185-180,10.198.185.180
DPSWAA-185-181,10.198.185.181
DPSWAA-185-182,10.198.185.182
DPSWAA-185-183,10.198.185.183
DPSWAA-185-184,10.198.185.184
DPSWAA-185-185,10.198.185.185
DPSWAA-185-186,10.198.185.186
DPSWAA-185-187,10.198.185.187
DPSWAA-185-188,10.198.185.188
DPSWAA-185-189,10.198.185.189
DPSWAA-185-190,10.198.185.190
DPSWAA-185-191,10.198.185.191
DPSWAA-185-192,10.198.185.192
DPSWAA-185-193,10.198.185.193
DPSWAA-185-194,10.198.185.194
DPSWAA-185-195,10.198.185.195
DPSWAA-185-196,10.198.185.196
DPSWAA-185-197,10.198.185.197
DPSWAA-185-198,10.198.185.198
DPSWAA-185-199,10.198.185.199
DPSWAA-185-200,10.198.185.200
DPSWAA-185-201,10.198.185.201
DPSWAA-185-202,10.198.185.202
DPSWAA-185-203,10.198.185.203
DPSWAA-185-204,10.198.185.204
DPSWAA-185-205,10.198.185.205
DPSWAA-185-206,10.198.185.206
DPSWAA-185-207,10.198.185.207
DPSWAA-185-208,10.198.185.208
DPSWAA-185-209,10.198.185.209
DPSWAA-185-210,10.198.185.210
DPSWAA-185-211,10.198.185.211
DPSWAA-185-212,10.198.185.212
DPSWAA-185-213,10.198.185.213
DPSWAA-185-214,10.198.185.214
DPSWAA-185-215,10.198.185.215
DPSWAA-185-216,10.198.185.216
DPSWAA-185-217,10.198.185.217
DPSWAA-185-218,10.198.185.218
DPSWAA-185-219,10.198.185.219
DPSWAA-185-220,10.198.185.220
DPSWAA-185-221,10.198.185.221
DPSWAA-185-222,10.198.185.222
DPSWAA-185-223,10.198.185.223
DPSWAA-185-224,10.198.185.224
DPSWAA-185-225,10.198.185.225
DPSWAA-185-226,10.198.185.226
DPSWAA-185-227,10.198.185.227
DPSWAA-185-228,10.198.185.228
DPSWAA-185-229,10.198.185.229
DPSWAA-185-230,10.198.185.230
DPSWAA-185-231,10.198.185.231
DPSWAA-185-232,10.198.185.232
DPSWAA-185-233,10.198.185.233
DPSWAA-185-234,10.198.185.234
DPSWAA-185-235,10.198.185.235
DPSWAA-185-236,10.198.185.236
DPSWAA-185-237,10.198.185.237
DPSWAA-185-238,10.198.185.238
DPSWAA-185-239,10.198.185.239
DPSWAA-185-240,10.198.185.240
DPSWAA-185-241,10.198.185.241
DPSWAA-185-242,10.198.185.242
DPSWAA-185-243,10.198.185.243
DPSWAA-185-244,10.198.185.244
DPSWAA-185-245,10.198.185.245
DPSWAA-185-246,10.198.185.246
DPSWAA-185-247,10.198.185.247
DPSWAA-185-248,10.198.185.248
DPSWAA-185-249,10.198.185.249
DPSWAA-185-250,10.198.185.250
DPSWAA-185-251,10.198.185.251
DPSWAA-185-252,10.198.185.252
DPSWAA-185-253,10.198.185.253
DPSWAA-185-254,10.198.185.254
DPSWAA-49-10,10.198.49.10
DPSWAA-49-11,10.198.49.11
DPSWAA-49-12,10.198.49.12
DPSWAA-49-13,10.198.49.13
DPSWAA-49-14,10.198.49.14
DPSWAA-49-15,10.198.49.15
DPSWAA-49-16,10.198.49.16
DPSWAA-49-17,10.198.49.17
DPSWAA-49-18,10.198.49.18
DPSWAA-49-19,10.198.49.19
DPSWAA-49-20,10.198.49.20
DPSWAA-49-21,10.198.49.21
DPSWAA-49-22,10.198.49.22
DPSWAA-49-23,10.198.49.23
DPSWAA-49-24,10.198.49.24
DPSWAA-49-25,10.198.49.25
DPSWAA-49-26,10.198.49.26
DPSWAA-49-27,10.198.49.27
DPSWAA-49-28,10.198.49.28
DPSWAA-49-29,10.198.49.29
DPSWAA-49-30,10.198.49.30
DPSWAA-49-31,10.198.49.31
DPSWAA-49-32,10.198.49.32
DPSWAA-49-33,10.198.49.33
DPSWAA-49-34,10.198.49.34
DPSWAA-49-35,10.198.49.35
DPSWAA-49-36,10.198.49.36
DPSWAA-49-37,10.198.49.37
DPSWAA-49-38,10.198.49.38
DPSWAA-49-39,10.198.49.39
DPSWAA-49-40,10.198.49.40
DPSWAA-49-41,10.198.49.41
DPSWAA-49-42,10.198.49.42
DPSWAA-49-43,10.198.49.43
DPSWAA-49-44,10.198.49.44
DPSWAA-49-45,10.198.49.45
DPSWAA-49-46,10.198.49.46
DPSWAA-49-47,10.198.49.47
DPSWAA-49-48,10.198.49.48
DPSWAA-49-49,10.198.49.49
DPSWAA-49-50,10.198.49.50
DPSWAA-49-51,10.198.49.51
DPSWAA-49-52,10.198.49.52
DPSWAA-49-53,10.198.49.53
DPSWAA-49-54,10.198.49.54
DPSWAA-49-55,10.198.49.55
DPSWAA-49-56,10.198.49.56
DPSWAA-49-57,10.198.49.57
DPSWAA-49-58,10.198.49.58
DPSWAA-49-59,10.198.49.59
DPSWAA-49-60,10.198.49.60
DPSWAA-49-61,10.198.49.61
DPSWAA-49-62,10.198.49.62
DPSWAA-49-63,10.198.49.63
DPSWAA-49-64,10.198.49.64
DPSWAA-49-65,10.198.49.65
DPSWAA-49-66,10.198.49.66
DPSWAA-49-67,10.198.49.67
DPSWAA-49-68,10.198.49.68
DPSWAA-49-69,10.198.49.69
DPSWAA-49-70,10.198.49.70
DPSWAA-49-71,10.198.49.71
DPSWAA-49-72,10.198.49.72
DPSWAA-49-73,10.198.49.73
DPSWAA-49-74,10.198.49.74
DPSWAA-49-75,10.198.49.75
DPSWAA-49-76,10.198.49.76
DPSWAA-49-77,10.198.49.77
DPSWAA-49-78,10.198.49.78
DPSWAA-49-79,10.198.49.79
DPSWAA-49-80,10.198.49.80
DPSWAA-49-81,10.198.49.81
DPSWAA-49-82,10.198.49.82
DPSWAA-49-83,10.198.49.83
DPSWAA-49-84,10.198.49.84
DPSWAA-49-85,10.198.49.85
DPSWAA-49-86,10.198.49.86
DPSWAA-49-87,10.198.49.87
DPSWAA-49-88,10.198.49.88
DPSWAA-49-89,10.198.49.89
DPSWAA-49-90,10.198.49.90
DPSWAA-49-91,10.198.49.91
DPSWAA-49-92,10.198.49.92
DPSWAA-49-93,10.198.49.93
DPSWAA-49-94,10.198.49.94
DPSWAA-49-95,10.198.49.95
DPSWAA-49-96,10.198.49.96
DPSWAA-49-97,10.198.49.97
DPSWAA-49-98,10.198.49.98
DPSWAA-49-99,10.198.49.99
DPSWAA-49-100,10.198.49.100
DPSWAA-49-101,10.198.49.101
DPSWAA-49-102,10.198.49.102
DPSWAA-49-103,10.198.49.103
DPSWAA-49-104,10.198.49.104
DPSWAA-49-105,10.198.49.105
DPSWAA-49-106,10.198.49.106
DPSWAA-49-107,10.198.49.107
DPSWAA-49-108,10.198.49.108
DPSWAA-49-109,10.198.49.109
DPSWAA-49-110,10.198.49.110
DPSWAA-49-111,10.198.49.111
DPSWAA-49-112,10.198.49.112
DPSWAA-49-113,10.198.49.113
DPSWAA-49-114,10.198.49.114
DPSWAA-49-115,10.198.49.115
DPSWAA-49-116,10.198.49.116
DPSWAA-49-117,10.198.49.117
DPSWAA-49-118,10.198.49.118
DPSWAA-49-119,10.198.49.119
DPSWAA-49-120,10.198.49.120
DPSWAA-49-121,10.198.49.121
DPSWAA-49-122,10.198.49.122
DPSWAA-49-123,10.198.49.123
DPSWAA-49-124,10.198.49.124
DPSWAA-49-125,10.198.49.125
DPSWAA-49-126,10.198.49.126
DPSWAA-49-127,10.198.49.127
DPSWAA-49-128,10.198.49.128
DPSWAA-49-129,10.198.49.129
DPSWAA-49-130,10.198.49.130
DPSWAA-49-131,10.198.49.131
DPSWAA-49-132,10.198.49.132
DPSWAA-49-133,10.198.49.133
DPSWAA-49-134,10.198.49.134
DPSWAA-49-135,10.198.49.135
DPSWAA-49-136,10.198.49.136
DPSWAA-49-137,10.198.49.137
DPSWAA-49-138,10.198.49.138
DPSWAA-49-139,10.198.49.139
DPSWAA-49-140,10.198.49.140
DPSWAA-49-141,10.198.49.141
DPSWAA-49-142,10.198.49.142
DPSWAA-49-143,10.198.49.143
DPSWAA-49-144,10.198.49.144
DPSWAA-49-145,10.198.49.145
DPSWAA-49-146,10.198.49.146
DPSWAA-49-147,10.198.49.147
DPSWAA-49-148,10.198.49.148
DPSWAA-49-149,10.198.49.149
DPSWAA-49-150,10.198.49.150
DPSWAA-49-151,10.198.49.151
DPSWAA-49-152,10.198.49.152
DPSWAA-49-153,10.198.49.153
DPSWAA-49-154,10.198.49.154
DPSWAA-49-155,10.198.49.155
DPSWAA-49-156,10.198.49.156
DPSWAA-49-157,10.198.49.157
DPSWAA-49-158,10.198.49.158
DPSWAA-49-159,10.198.49.159
DPSWAA-49-160,10.198.49.160
DPSWAA-49-161,10.198.49.161
DPSWAA-49-162,10.198.49.162
DPSWAA-49-163,10.198.49.163
DPSWAA-49-164,10.198.49.164
DPSWAA-49-165,10.198.49.165
DPSWAA-49-166,10.198.49.166
DPSWAA-49-167,10.198.49.167
DPSWAA-49-168,10.198.49.168
DPSWAA-49-169,10.198.49.169
DPSWAA-49-170,10.198.49.170
DPSWAA-49-171,10.198.49.171
DPSWAA-49-172,10.198.49.172
DPSWAA-49-173,10.198.49.173
DPSWAA-49-174,10.198.49.174
DPSWAA-49-175,10.198.49.175
DPSWAA-49-176,10.198.49.176
DPSWAA-49-177,10.198.49.177
DPSWAA-49-178,10.198.49.178
DPSWAA-49-179,10.198.49.179
DPSWAA-49-180,10.198.49.180
DPSWAA-49-181,10.198.49.181
DPSWAA-49-182,10.198.49.182
DPSWAA-49-183,10.198.49.183
DPSWAA-49-184,10.198.49.184
DPSWAA-49-185,10.198.49.185
DPSWAA-49-186,10.198.49.186
DPSWAA-49-187,10.198.49.187
DPSWAA-49-188,10.198.49.188
DPSWAA-49-189,10.198.49.189
DPSWAA-49-190,10.198.49.190
DPSWAA-49-191,10.198.49.191
DPSWAA-49-192,10.198.49.192
DPSWAA-49-193,10.198.49.193
DPSWAA-49-194,10.198.49.194
DPSWAA-49-195,10.198.49.195
DPSWAA-49-196,10.198.49.196
DPSWAA-49-197,10.198.49.197
DPSWAA-49-198,10.198.49.198
DPSWAA-49-199,10.198.49.199
DPSWAA-49-200,10.198.49.200
DPSWAA-49-201,10.198.49.201
DPSWAA-49-202,10.198.49.202
DPSWAA-49-203,10.198.49.203
DPSWAA-49-204,10.198.49.204
DPSWAA-49-205,10.198.49.205
DPSWAA-49-206,10.198.49.206
DPSWAA-49-207,10.198.49.207
DPSWAA-49-208,10.198.49.208
DPSWAA-49-209,10.198.49.209
DPSWAA-49-210,10.198.49.210
DPSWAA-49-211,10.198.49.211
DPSWAA-49-212,10.198.49.212
DPSWAA-49-213,10.198.49.213
DPSWAA-49-214,10.198.49.214
DPSWAA-49-215,10.198.49.215
DPSWAA-49-216,10.198.49.216
DPSWAA-49-217,10.198.49.217
DPSWAA-49-218,10.198.49.218
DPSWAA-49-219,10.198.49.219
DPSWAA-49-220,10.198.49.220
DPSWAA-49-221,10.198.49.221
DPSWAA-49-222,10.198.49.222
DPSWAA-49-223,10.198.49.223
DPSWAA-49-224,10.198.49.224
DPSWAA-49-225,10.198.49.225
DPSWAA-49-226,10.198.49.226
DPSWAA-49-227,10.198.49.227
DPSWAA-49-228,10.198.49.228
DPSWAA-49-229,10.198.49.229
DPSWAA-49-230,10.198.49.230
DPSWAA-49-231,10.198.49.231
DPSWAA-49-232,10.198.49.232
DPSWAA-49-233,10.198.49.233
DPSWAA-49-234,10.198.49.234
DPSWAA-49-235,10.198.49.235
DPSWAA-49-236,10.198.49.236
DPSWAA-49-237,10.198.49.237
DPSWAA-49-238,10.198.49.238
DPSWAA-49-239,10.198.49.239
DPSWAA-49-240,10.198.49.240
DPSWAA-49-241,10.198.49.241
DPSWAA-49-242,10.198.49.242
DPSWAA-49-243,10.198.49.243
DPSWAA-49-244,10.198.49.244
DPSWAA-49-245,10.198.49.245
DPSWAA-49-246,10.198.49.246
DPSWAA-49-247,10.198.49.247
DPSWAA-49-248,10.198.49.248
DPSWAA-49-249,10.198.49.249
DPSWAA-49-250,10.198.49.250
DPSWAA-49-251,10.198.49.251
DPSWAA-49-252,10.198.49.252
DPSWAA-49-253,10.198.49.253
DPSWAA-49-254,10.198.49.254
DPSWAA-48-10,10.198.48.10
DPSWAA-48-11,10.198.48.11
DPSWAA-48-12,10.198.48.12
DPSWAA-48-13,10.198.48.13
DPSWAA-48-14,10.198.48.14
DPSWAA-48-15,10.198.48.15
DPSWAA-48-16,10.198.48.16
DPSWAA-48-17,10.198.48.17
DPSWAA-48-18,10.198.48.18
DPSWAA-48-19,10.198.48.19
DPSWAA-48-20,10.198.48.20
DPSWAA-48-21,10.198.48.21
DPSWAA-48-22,10.198.48.22
DPSWAA-48-23,10.198.48.23
DPSWAA-48-24,10.198.48.24
DPSWAA-48-25,10.198.48.25
DPSWAA-48-26,10.198.48.26
DPSWAA-48-27,10.198.48.27
DPSWAA-48-28,10.198.48.28
DPSWAA-48-29,10.198.48.29
DPSWAA-48-30,10.198.48.30
DPSWAA-48-31,10.198.48.31
DPSWAA-48-32,10.198.48.32
DPSWAA-48-33,10.198.48.33
DPSWAA-48-34,10.198.48.34
DPSWAA-48-35,10.198.48.35
DPSWAA-48-36,10.198.48.36
DPSWAA-48-37,10.198.48.37
DPSWAA-48-38,10.198.48.38
DPSWAA-48-39,10.198.48.39
DPSWAA-48-40,10.198.48.40
DPSWAA-48-41,10.198.48.41
DPSWAA-48-42,10.198.48.42
DPSWAA-48-43,10.198.48.43
DPSWAA-48-44,10.198.48.44
DPSWAA-48-45,10.198.48.45
DPSWAA-48-46,10.198.48.46
DPSWAA-48-47,10.198.48.47
DPSWAA-48-48,10.198.48.48
DPSWAA-48-49,10.198.48.49
DPSWAA-48-50,10.198.48.50
DPSWAA-48-51,10.198.48.51
DPSWAA-48-52,10.198.48.52
DPSWAA-48-53,10.198.48.53
DPSWAA-48-54,10.198.48.54
DPSWAA-48-55,10.198.48.55
DPSWAA-48-56,10.198.48.56
DPSWAA-48-57,10.198.48.57
DPSWAA-48-58,10.198.48.58
DPSWAA-48-59,10.198.48.59
DPSWAA-48-60,10.198.48.60
DPSWAA-48-61,10.198.48.61
DPSWAA-48-62,10.198.48.62
DPSWAA-48-63,10.198.48.63
DPSWAA-48-64,10.198.48.64
DPSWAA-48-65,10.198.48.65
DPSWAA-48-66,10.198.48.66
DPSWAA-48-67,10.198.48.67
DPSWAA-48-68,10.198.48.68
DPSWAA-48-69,10.198.48.69
DPSWAA-48-70,10.198.48.70
DPSWAA-48-71,10.198.48.71
DPSWAA-48-72,10.198.48.72
DPSWAA-48-73,10.198.48.73
DPSWAA-48-74,10.198.48.74
DPSWAA-48-75,10.198.48.75
DPSWAA-48-76,10.198.48.76
DPSWAA-48-77,10.198.48.77
DPSWAA-48-78,10.198.48.78
DPSWAA-48-79,10.198.48.79
DPSWAA-48-80,10.198.48.80
DPSWAA-48-81,10.198.48.81
DPSWAA-48-82,10.198.48.82
DPSWAA-48-83,10.198.48.83
DPSWAA-48-84,10.198.48.84
DPSWAA-48-85,10.198.48.85
DPSWAA-48-86,10.198.48.86
DPSWAA-48-87,10.198.48.87
DPSWAA-48-88,10.198.48.88
DPSWAA-48-89,10.198.48.89
DPSWAA-48-90,10.198.48.90
DPSWAA-48-91,10.198.48.91
DPSWAA-48-92,10.198.48.92
DPSWAA-48-93,10.198.48.93
DPSWAA-48-94,10.198.48.94
DPSWAA-48-95,10.198.48.95
DPSWAA-48-96,10.198.48.96
DPSWAA-48-97,10.198.48.97
DPSWAA-48-98,10.198.48.98
DPSWAA-48-99,10.198.48.99
DPSWAA-48-100,10.198.48.100
DPSWAA-48-101,10.198.48.101
DPSWAA-48-102,10.198.48.102
DPSWAA-48-103,10.198.48.103
DPSWAA-48-104,10.198.48.104
DPSWAA-48-105,10.198.48.105
DPSWAA-48-106,10.198.48.106
DPSWAA-48-107,10.198.48.107
DPSWAA-48-108,10.198.48.108
DPSWAA-48-109,10.198.48.109
DPSWAA-48-110,10.198.48.110
DPSWAA-48-111,10.198.48.111
DPSWAA-48-112,10.198.48.112
DPSWAA-48-113,10.198.48.113
DPSWAA-48-114,10.198.48.114
DPSWAA-48-115,10.198.48.115
DPSWAA-48-116,10.198.48.116
DPSWAA-48-117,10.198.48.117
DPSWAA-48-118,10.198.48.118
DPSWAA-48-119,10.198.48.119
DPSWAA-48-120,10.198.48.120
DPSWAA-48-121,10.198.48.121
DPSWAA-48-122,10.198.48.122
DPSWAA-48-123,10.198.48.123
DPSWAA-48-124,10.198.48.124
DPSWAA-48-125,10.198.48.125
DPSWAA-48-126,10.198.48.126
DPSWAA-48-127,10.198.48.127
DPSWAA-48-128,10.198.48.128
DPSWAA-48-129,10.198.48.129
DPSWAA-48-130,10.198.48.130
DPSWAA-48-131,10.198.48.131
DPSWAA-48-132,10.198.48.132
DPSWAA-48-133,10.198.48.133
DPSWAA-48-134,10.198.48.134
DPSWAA-48-135,10.198.48.135
DPSWAA-48-136,10.198.48.136
DPSWAA-48-137,10.198.48.137
DPSWAA-48-138,10.198.48.138
DPSWAA-48-139,10.198.48.139
DPSWAA-48-140,10.198.48.140
DPSWAA-48-141,10.198.48.141
DPSWAA-48-142,10.198.48.142
DPSWAA-48-143,10.198.48.143
DPSWAA-48-144,10.198.48.144
DPSWAA-48-145,10.198.48.145
DPSWAA-48-146,10.198.48.146
DPSWAA-48-147,10.198.48.147
DPSWAA-48-148,10.198.48.148
DPSWAA-48-149,10.198.48.149
DPSWAA-48-150,10.198.48.150
DPSWAA-48-151,10.198.48.151
DPSWAA-48-152,10.198.48.152
DPSWAA-48-153,10.198.48.153
DPSWAA-48-154,10.198.48.154
DPSWAA-48-155,10.198.48.155
DPSWAA-48-156,10.198.48.156
DPSWAA-48-157,10.198.48.157
DPSWAA-48-158,10.198.48.158
DPSWAA-48-159,10.198.48.159
DPSWAA-48-160,10.198.48.160
DPSWAA-48-161,10.198.48.161
DPSWAA-48-162,10.198.48.162
DPSWAA-48-163,10.198.48.163
DPSWAA-48-164,10.198.48.164
DPSWAA-48-165,10.198.48.165
DPSWAA-48-166,10.198.48.166
DPSWAA-48-167,10.198.48.167
DPSWAA-48-168,10.198.48.168
DPSWAA-48-169,10.198.48.169
DPSWAA-48-170,10.198.48.170
DPSWAA-48-171,10.198.48.171
DPSWAA-48-172,10.198.48.172
DPSWAA-48-173,10.198.48.173
DPSWAA-48-174,10.198.48.174
DPSWAA-48-175,10.198.48.175
DPSWAA-48-176,10.198.48.176
DPSWAA-48-177,10.198.48.177
DPSWAA-48-178,10.198.48.178
DPSWAA-48-179,10.198.48.179
DPSWAA-48-180,10.198.48.180
DPSWAA-48-181,10.198.48.181
DPSWAA-48-182,10.198.48.182
DPSWAA-48-183,10.198.48.183
DPSWAA-48-184,10.198.48.184
DPSWAA-48-185,10.198.48.185
DPSWAA-48-186,10.198.48.186
DPSWAA-48-187,10.198.48.187
DPSWAA-48-188,10.198.48.188
DPSWAA-48-189,10.198.48.189
DPSWAA-48-190,10.198.48.190
DPSWAA-48-191,10.198.48.191
DPSWAA-48-192,10.198.48.192
DPSWAA-48-193,10.198.48.193
DPSWAA-48-194,10.198.48.194
DPSWAA-48-195,10.198.48.195
DPSWAA-48-196,10.198.48.196
DPSWAA-48-197,10.198.48.197
DPSWAA-48-198,10.198.48.198
DPSWAA-48-199,10.198.48.199
DPSWAA-48-200,10.198.48.200
DPSWAA-48-201,10.198.48.201
DPSWAA-48-202,10.198.48.202
DPSWAA-48-203,10.198.48.203
DPSWAA-48-204,10.198.48.204
DPSWAA-48-205,10.198.48.205
DPSWAA-48-206,10.198.48.206
DPSWAA-48-207,10.198.48.207
DPSWAA-48-208,10.198.48.208
DPSWAA-48-209,10.198.48.209
DPSWAA-48-210,10.198.48.210
DPSWAA-48-211,10.198.48.211
DPSWAA-48-212,10.198.48.212
DPSWAA-48-213,10.198.48.213
DPSWAA-48-214,10.198.48.214
DPSWAA-48-215,10.198.48.215
DPSWAA-48-216,10.198.48.216
DPSWAA-48-217,10.198.48.217
DPSWAA-48-218,10.198.48.218
DPSWAA-48-219,10.198.48.219
DPSWAA-48-220,10.198.48.220
DPSWAA-48-221,10.198.48.221
DPSWAA-48-222,10.198.48.222
DPSWAA-48-223,10.198.48.223
DPSWAA-48-224,10.198.48.224
DPSWAA-48-225,10.198.48.225
DPSWAA-48-226,10.198.48.226
DPSWAA-48-227,10.198.48.227
DPSWAA-48-228,10.198.48.228
DPSWAA-48-229,10.198.48.229
DPSWAA-48-230,10.198.48.230
DPSWAA-48-231,10.198.48.231
DPSWAA-48-232,10.198.48.232
DPSWAA-48-233,10.198.48.233
DPSWAA-48-234,10.198.48.234
DPSWAA-48-235,10.198.48.235
DPSWAA-48-236,10.198.48.236
DPSWAA-48-237,10.198.48.237
DPSWAA-48-238,10.198.48.238
DPSWAA-48-239,10.198.48.239
DPSWAA-48-240,10.198.48.240
DPSWAA-48-241,10.198.48.241
DPSWAA-48-242,10.198.48.242
DPSWAA-48-243,10.198.48.243
DPSWAA-48-244,10.198.48.244
DPSWAA-48-245,10.198.48.245
DPSWAA-48-246,10.198.48.246
DPSWAA-48-247,10.198.48.247
DPSWAA-48-248,10.198.48.248
DPSWAA-48-249,10.198.48.249
DPSWAA-48-250,10.198.48.250
DPSWAA-48-251,10.198.48.251
DPSWAA-48-252,10.198.48.252
DPSWAA-48-253,10.198.48.253
DPSWAA-48-254,10.198.48.254
DPSWAA-50-10,10.198.50.10
DPSWAA-50-11,10.198.50.11
DPSWAA-50-12,10.198.50.12
DPSWAA-50-13,10.198.50.13
DPSWAA-50-14,10.198.50.14
DPSWAA-50-15,10.198.50.15
DPSWAA-50-16,10.198.50.16
DPSWAA-50-17,10.198.50.17
DPSWAA-50-18,10.198.50.18
DPSWAA-50-19,10.198.50.19
DPSWAA-50-20,10.198.50.20
DPSWAA-50-21,10.198.50.21
DPSWAA-50-22,10.198.50.22
DPSWAA-50-23,10.198.50.23
DPSWAA-50-24,10.198.50.24
DPSWAA-50-25,10.198.50.25
DPSWAA-50-26,10.198.50.26
DPSWAA-50-27,10.198.50.27
DPSWAA-50-28,10.198.50.28
DPSWAA-50-29,10.198.50.29
DPSWAA-50-30,10.198.50.30
DPSWAA-50-31,10.198.50.31
DPSWAA-50-32,10.198.50.32
DPSWAA-50-33,10.198.50.33
DPSWAA-50-34,10.198.50.34
DPSWAA-50-35,10.198.50.35
DPSWAA-50-36,10.198.50.36
DPSWAA-50-37,10.198.50.37
DPSWAA-50-38,10.198.50.38
DPSWAA-50-39,10.198.50.39
DPSWAA-50-40,10.198.50.40
DPSWAA-50-41,10.198.50.41
DPSWAA-50-42,10.198.50.42
DPSWAA-50-43,10.198.50.43
DPSWAA-50-44,10.198.50.44
DPSWAA-50-45,10.198.50.45
DPSWAA-50-46,10.198.50.46
DPSWAA-50-47,10.198.50.47
DPSWAA-50-48,10.198.50.48
DPSWAA-50-49,10.198.50.49
DPSWAA-50-50,10.198.50.50
DPSWAA-50-51,10.198.50.51
DPSWAA-50-52,10.198.50.52
DPSWAA-50-53,10.198.50.53
DPSWAA-50-54,10.198.50.54
DPSWAA-50-55,10.198.50.55
DPSWAA-50-56,10.198.50.56
DPSWAA-50-57,10.198.50.57
DPSWAA-50-58,10.198.50.58
DPSWAA-50-59,10.198.50.59
DPSWAA-50-60,10.198.50.60
DPSWAA-50-61,10.198.50.61
DPSWAA-50-62,10.198.50.62
DPSWAA-50-63,10.198.50.63
DPSWAA-50-64,10.198.50.64
DPSWAA-50-65,10.198.50.65
DPSWAA-50-66,10.198.50.66
DPSWAA-50-67,10.198.50.67
DPSWAA-50-68,10.198.50.68
DPSWAA-50-69,10.198.50.69
DPSWAA-50-70,10.198.50.70
DPSWAA-50-71,10.198.50.71
DPSWAA-50-72,10.198.50.72
DPSWAA-50-73,10.198.50.73
DPSWAA-50-74,10.198.50.74
DPSWAA-50-75,10.198.50.75
DPSWAA-50-76,10.198.50.76
DPSWAA-50-77,10.198.50.77
DPSWAA-50-78,10.198.50.78
DPSWAA-50-79,10.198.50.79
DPSWAA-50-80,10.198.50.80
DPSWAA-50-81,10.198.50.81
DPSWAA-50-82,10.198.50.82
DPSWAA-50-83,10.198.50.83
DPSWAA-50-84,10.198.50.84
DPSWAA-50-85,10.198.50.85
DPSWAA-50-86,10.198.50.86
DPSWAA-50-87,10.198.50.87
DPSWAA-50-88,10.198.50.88
DPSWAA-50-89,10.198.50.89
DPSWAA-50-90,10.198.50.90
DPSWAA-50-91,10.198.50.91
DPSWAA-50-92,10.198.50.92
DPSWAA-50-93,10.198.50.93
DPSWAA-50-94,10.198.50.94
DPSWAA-50-95,10.198.50.95
DPSWAA-50-96,10.198.50.96
DPSWAA-50-97,10.198.50.97
DPSWAA-50-98,10.198.50.98
DPSWAA-50-99,10.198.50.99
DPSWAA-50-100,10.198.50.100
DPSWAA-50-101,10.198.50.101
DPSWAA-50-102,10.198.50.102
DPSWAA-50-103,10.198.50.103
DPSWAA-50-104,10.198.50.104
DPSWAA-50-105,10.198.50.105
DPSWAA-50-106,10.198.50.106
DPSWAA-50-107,10.198.50.107
DPSWAA-50-108,10.198.50.108
DPSWAA-50-109,10.198.50.109
DPSWAA-50-110,10.198.50.110
DPSWAA-50-111,10.198.50.111
DPSWAA-50-112,10.198.50.112
DPSWAA-50-113,10.198.50.113
DPSWAA-50-114,10.198.50.114
DPSWAA-50-115,10.198.50.115
DPSWAA-50-116,10.198.50.116
DPSWAA-50-117,10.198.50.117
DPSWAA-50-118,10.198.50.118
DPSWAA-50-119,10.198.50.119
DPSWAA-50-120,10.198.50.120
DPSWAA-50-121,10.198.50.121
DPSWAA-50-122,10.198.50.122
DPSWAA-50-123,10.198.50.123
DPSWAA-50-124,10.198.50.124
DPSWAA-50-125,10.198.50.125
DPSWAA-50-126,10.198.50.126
DPSWAA-50-127,10.198.50.127
DPSWAA-50-128,10.198.50.128
DPSWAA-50-129,10.198.50.129
DPSWAA-50-130,10.198.50.130
DPSWAA-50-131,10.198.50.131
DPSWAA-50-132,10.198.50.132
DPSWAA-50-133,10.198.50.133
DPSWAA-50-134,10.198.50.134
DPSWAA-50-135,10.198.50.135
DPSWAA-50-136,10.198.50.136
DPSWAA-50-137,10.198.50.137
DPSWAA-50-138,10.198.50.138
DPSWAA-50-139,10.198.50.139
DPSWAA-50-140,10.198.50.140
DPSWAA-50-141,10.198.50.141
DPSWAA-50-142,10.198.50.142
DPSWAA-50-143,10.198.50.143
DPSWAA-50-144,10.198.50.144
DPSWAA-50-145,10.198.50.145
DPSWAA-50-146,10.198.50.146
DPSWAA-50-147,10.198.50.147
DPSWAA-50-148,10.198.50.148
DPSWAA-50-149,10.198.50.149
DPSWAA-50-150,10.198.50.150
DPSWAA-50-151,10.198.50.151
DPSWAA-50-152,10.198.50.152
DPSWAA-50-153,10.198.50.153
DPSWAA-50-154,10.198.50.154
DPSWAA-50-155,10.198.50.155
DPSWAA-50-156,10.198.50.156
DPSWAA-50-157,10.198.50.157
DPSWAA-50-158,10.198.50.158
DPSWAA-50-159,10.198.50.159
DPSWAA-50-160,10.198.50.160
DPSWAA-50-161,10.198.50.161
DPSWAA-50-162,10.198.50.162
DPSWAA-50-163,10.198.50.163
DPSWAA-50-164,10.198.50.164
DPSWAA-50-165,10.198.50.165
DPSWAA-50-166,10.198.50.166
DPSWAA-50-167,10.198.50.167
DPSWAA-50-168,10.198.50.168
DPSWAA-50-169,10.198.50.169
DPSWAA-50-170,10.198.50.170
DPSWAA-50-171,10.198.50.171
DPSWAA-50-172,10.198.50.172
DPSWAA-50-173,10.198.50.173
DPSWAA-50-174,10.198.50.174
DPSWAA-50-175,10.198.50.175
DPSWAA-50-176,10.198.50.176
DPSWAA-50-177,10.198.50.177
DPSWAA-50-178,10.198.50.178
DPSWAA-50-179,10.198.50.179
DPSWAA-50-180,10.198.50.180
DPSWAA-50-181,10.198.50.181
DPSWAA-50-182,10.198.50.182
DPSWAA-50-183,10.198.50.183
DPSWAA-50-184,10.198.50.184
DPSWAA-50-185,10.198.50.185
DPSWAA-50-186,10.198.50.186
DPSWAA-50-187,10.198.50.187
DPSWAA-50-188,10.198.50.188
DPSWAA-50-189,10.198.50.189
DPSWAA-50-190,10.198.50.190
DPSWAA-50-191,10.198.50.191
DPSWAA-50-192,10.198.50.192
DPSWAA-50-193,10.198.50.193
DPSWAA-50-194,10.198.50.194
DPSWAA-50-195,10.198.50.195
DPSWAA-50-196,10.198.50.196
DPSWAA-50-197,10.198.50.197
DPSWAA-50-198,10.198.50.198
DPSWAA-50-199,10.198.50.199
DPSWAA-50-200,10.198.50.200
DPSWAA-50-201,10.198.50.201
DPSWAA-50-202,10.198.50.202
DPSWAA-50-203,10.198.50.203
DPSWAA-50-204,10.198.50.204
DPSWAA-50-205,10.198.50.205
DPSWAA-50-206,10.198.50.206
DPSWAA-50-207,10.198.50.207
DPSWAA-50-208,10.198.50.208
DPSWAA-50-209,10.198.50.209
DPSWAA-50-210,10.198.50.210
DPSWAA-50-211,10.198.50.211
DPSWAA-50-212,10.198.50.212
DPSWAA-50-213,10.198.50.213
DPSWAA-50-214,10.198.50.214
DPSWAA-50-215,10.198.50.215
DPSWAA-50-216,10.198.50.216
DPSWAA-50-217,10.198.50.217
DPSWAA-50-218,10.198.50.218
DPSWAA-50-219,10.198.50.219
DPSWAA-50-220,10.198.50.220
DPSWAA-50-221,10.198.50.221
DPSWAA-50-222,10.198.50.222
DPSWAA-50-223,10.198.50.223
DPSWAA-50-224,10.198.50.224
DPSWAA-50-225,10.198.50.225
DPSWAA-50-226,10.198.50.226
DPSWAA-50-227,10.198.50.227
DPSWAA-50-228,10.198.50.228
DPSWAA-50-229,10.198.50.229
DPSWAA-50-230,10.198.50.230
DPSWAA-50-231,10.198.50.231
DPSWAA-50-232,10.198.50.232
DPSWAA-50-233,10.198.50.233
DPSWAA-50-234,10.198.50.234
DPSWAA-50-235,10.198.50.235
DPSWAA-50-236,10.198.50.236
DPSWAA-50-237,10.198.50.237
DPSWAA-50-238,10.198.50.238
DPSWAA-50-239,10.198.50.239
DPSWAA-50-240,10.198.50.240
DPSWAA-50-241,10.198.50.241
DPSWAA-50-242,10.198.50.242
DPSWAA-50-243,10.198.50.243
DPSWAA-50-244,10.198.50.244
DPSWAA-50-245,10.198.50.245
DPSWAA-50-246,10.198.50.246
DPSWAA-50-247,10.198.50.247
DPSWAA-50-248,10.198.50.248
DPSWAA-50-249,10.198.50.249
DPSWAA-50-250,10.198.50.250
DPSWAA-50-251,10.198.50.251
DPSWAA-50-252,10.198.50.252
DPSWAA-50-253,10.198.50.253
DPSWAA-50-254,10.198.50.254
DPSWAA-51-10,10.198.51.10
DPSWAA-51-11,10.198.51.11
DPSWAA-51-12,10.198.51.12
DPSWAA-51-13,10.198.51.13
DPSWAA-51-14,10.198.51.14
DPSWAA-51-15,10.198.51.15
DPSWAA-51-16,10.198.51.16
DPSWAA-51-17,10.198.51.17
DPSWAA-51-18,10.198.51.18
DPSWAA-51-19,10.198.51.19
DPSWAA-51-20,10.198.51.20
DPSWAA-51-21,10.198.51.21
DPSWAA-51-22,10.198.51.22
DPSWAA-51-23,10.198.51.23
DPSWAA-51-24,10.198.51.24
DPSWAA-51-25,10.198.51.25
DPSWAA-51-26,10.198.51.26
DPSWAA-51-27,10.198.51.27
DPSWAA-51-28,10.198.51.28
DPSWAA-51-29,10.198.51.29
DPSWAA-51-30,10.198.51.30
DPSWAA-51-31,10.198.51.31
DPSWAA-51-32,10.198.51.32
DPSWAA-51-33,10.198.51.33
DPSWAA-51-34,10.198.51.34
DPSWAA-51-35,10.198.51.35
DPSWAA-51-36,10.198.51.36
DPSWAA-51-37,10.198.51.37
DPSWAA-51-38,10.198.51.38
DPSWAA-51-39,10.198.51.39
DPSWAA-51-40,10.198.51.40
DPSWAA-51-41,10.198.51.41
DPSWAA-51-42,10.198.51.42
DPSWAA-51-43,10.198.51.43
DPSWAA-51-44,10.198.51.44
DPSWAA-51-45,10.198.51.45
DPSWAA-51-46,10.198.51.46
DPSWAA-51-47,10.198.51.47
DPSWAA-51-48,10.198.51.48
DPSWAA-51-49,10.198.51.49
DPSWAA-51-50,10.198.51.50
DPSWAA-51-51,10.198.51.51
DPSWAA-51-52,10.198.51.52
DPSWAA-51-53,10.198.51.53
DPSWAA-51-54,10.198.51.54
DPSWAA-51-55,10.198.51.55
DPSWAA-51-56,10.198.51.56
DPSWAA-51-57,10.198.51.57
DPSWAA-51-58,10.198.51.58
DPSWAA-51-59,10.198.51.59
DPSWAA-51-60,10.198.51.60
DPSWAA-51-61,10.198.51.61
DPSWAA-51-62,10.198.51.62
DPSWAA-51-63,10.198.51.63
DPSWAA-51-64,10.198.51.64
DPSWAA-51-65,10.198.51.65
DPSWAA-51-66,10.198.51.66
DPSWAA-51-67,10.198.51.67
DPSWAA-51-68,10.198.51.68
DPSWAA-51-69,10.198.51.69
DPSWAA-51-70,10.198.51.70
DPSWAA-51-71,10.198.51.71
DPSWAA-51-72,10.198.51.72
DPSWAA-51-73,10.198.51.73
DPSWAA-51-74,10.198.51.74
DPSWAA-51-75,10.198.51.75
DPSWAA-51-76,10.198.51.76
DPSWAA-51-77,10.198.51.77
DPSWAA-51-78,10.198.51.78
DPSWAA-51-79,10.198.51.79
DPSWAA-51-80,10.198.51.80
DPSWAA-51-81,10.198.51.81
DPSWAA-51-82,10.198.51.82
DPSWAA-51-83,10.198.51.83
DPSWAA-51-84,10.198.51.84
DPSWAA-51-85,10.198.51.85
DPSWAA-51-86,10.198.51.86
DPSWAA-51-87,10.198.51.87
DPSWAA-51-88,10.198.51.88
DPSWAA-51-89,10.198.51.89
DPSWAA-51-90,10.198.51.90
DPSWAA-51-91,10.198.51.91
DPSWAA-51-92,10.198.51.92
DPSWAA-51-93,10.198.51.93
DPSWAA-51-94,10.198.51.94
DPSWAA-51-95,10.198.51.95
DPSWAA-51-96,10.198.51.96
DPSWAA-51-97,10.198.51.97
DPSWAA-51-98,10.198.51.98
DPSWAA-51-99,10.198.51.99
DPSWAA-51-100,10.198.51.100
DPSWAA-51-101,10.198.51.101
DPSWAA-51-102,10.198.51.102
DPSWAA-51-103,10.198.51.103
DPSWAA-51-104,10.198.51.104
DPSWAA-51-105,10.198.51.105
DPSWAA-51-106,10.198.51.106
DPSWAA-51-107,10.198.51.107
DPSWAA-51-108,10.198.51.108
DPSWAA-51-109,10.198.51.109
DPSWAA-51-110,10.198.51.110
DPSWAA-51-111,10.198.51.111
DPSWAA-51-112,10.198.51.112
DPSWAA-51-113,10.198.51.113
DPSWAA-51-114,10.198.51.114
DPSWAA-51-115,10.198.51.115
DPSWAA-51-116,10.198.51.116
DPSWAA-51-117,10.198.51.117
DPSWAA-51-118,10.198.51.118
DPSWAA-51-119,10.198.51.119
DPSWAA-51-120,10.198.51.120
DPSWAA-51-121,10.198.51.121
DPSWAA-51-122,10.198.51.122
DPSWAA-51-123,10.198.51.123
DPSWAA-51-124,10.198.51.124
DPSWAA-51-125,10.198.51.125
DPSWAA-51-126,10.198.51.126
DPSWAA-51-127,10.198.51.127
DPSWAA-51-128,10.198.51.128
DPSWAA-51-129,10.198.51.129
DPSWAA-51-130,10.198.51.130
DPSWAA-51-131,10.198.51.131
DPSWAA-51-132,10.198.51.132
DPSWAA-51-133,10.198.51.133
DPSWAA-51-134,10.198.51.134
DPSWAA-51-135,10.198.51.135
DPSWAA-51-136,10.198.51.136
DPSWAA-51-137,10.198.51.137
DPSWAA-51-138,10.198.51.138
DPSWAA-51-139,10.198.51.139
DPSWAA-51-140,10.198.51.140
DPSWAA-51-141,10.198.51.141
DPSWAA-51-142,10.198.51.142
DPSWAA-51-143,10.198.51.143
DPSWAA-51-144,10.198.51.144
DPSWAA-51-145,10.198.51.145
DPSWAA-51-146,10.198.51.146
DPSWAA-51-147,10.198.51.147
DPSWAA-51-148,10.198.51.148
DPSWAA-51-149,10.198.51.149
DPSWAA-51-150,10.198.51.150
DPSWAA-51-151,10.198.51.151
DPSWAA-51-152,10.198.51.152
DPSWAA-51-153,10.198.51.153
DPSWAA-51-154,10.198.51.154
DPSWAA-51-155,10.198.51.155
DPSWAA-51-156,10.198.51.156
DPSWAA-51-157,10.198.51.157
DPSWAA-51-158,10.198.51.158
DPSWAA-51-159,10.198.51.159
DPSWAA-51-160,10.198.51.160
DPSWAA-51-161,10.198.51.161
DPSWAA-51-162,10.198.51.162
DPSWAA-51-163,10.198.51.163
DPSWAA-51-164,10.198.51.164
DPSWAA-51-165,10.198.51.165
DPSWAA-51-166,10.198.51.166
DPSWAA-51-167,10.198.51.167
DPSWAA-51-168,10.198.51.168
DPSWAA-51-169,10.198.51.169
DPSWAA-51-170,10.198.51.170
DPSWAA-51-171,10.198.51.171
DPSWAA-51-172,10.198.51.172
DPSWAA-51-173,10.198.51.173
DPSWAA-51-174,10.198.51.174
DPSWAA-51-175,10.198.51.175
DPSWAA-51-176,10.198.51.176
DPSWAA-51-177,10.198.51.177
DPSWAA-51-178,10.198.51.178
DPSWAA-51-179,10.198.51.179
DPSWAA-51-180,10.198.51.180
DPSWAA-51-181,10.198.51.181
DPSWAA-51-182,10.198.51.182
DPSWAA-51-183,10.198.51.183
DPSWAA-51-184,10.198.51.184
DPSWAA-51-185,10.198.51.185
DPSWAA-51-186,10.198.51.186
DPSWAA-51-187,10.198.51.187
DPSWAA-51-188,10.198.51.188
DPSWAA-51-189,10.198.51.189
DPSWAA-51-190,10.198.51.190
DPSWAA-51-191,10.198.51.191
DPSWAA-51-192,10.198.51.192
DPSWAA-51-193,10.198.51.193
DPSWAA-51-194,10.198.51.194
DPSWAA-51-195,10.198.51.195
DPSWAA-51-196,10.198.51.196
DPSWAA-51-197,10.198.51.197
DPSWAA-51-198,10.198.51.198
DPSWAA-51-199,10.198.51.199
DPSWAA-51-200,10.198.51.200
DPSWAA-51-201,10.198.51.201
DPSWAA-51-202,10.198.51.202
DPSWAA-51-203,10.198.51.203
DPSWAA-51-204,10.198.51.204
DPSWAA-51-205,10.198.51.205
DPSWAA-51-206,10.198.51.206
DPSWAA-51-207,10.198.51.207
DPSWAA-51-208,10.198.51.208
DPSWAA-51-209,10.198.51.209
DPSWAA-51-210,10.198.51.210
DPSWAA-51-211,10.198.51.211
DPSWAA-51-212,10.198.51.212
DPSWAA-51-213,10.198.51.213
DPSWAA-51-214,10.198.51.214
DPSWAA-51-215,10.198.51.215
DPSWAA-51-216,10.198.51.216
DPSWAA-51-217,10.198.51.217
DPSWAA-51-218,10.198.51.218
DPSWAA-51-219,10.198.51.219
DPSWAA-51-220,10.198.51.220
DPSWAA-51-221,10.198.51.221
DPSWAA-51-222,10.198.51.222
DPSWAA-51-223,10.198.51.223
DPSWAA-51-224,10.198.51.224
DPSWAA-51-225,10.198.51.225
DPSWAA-51-226,10.198.51.226
DPSWAA-51-227,10.198.51.227
DPSWAA-51-228,10.198.51.228
DPSWAA-51-229,10.198.51.229
DPSWAA-51-230,10.198.51.230
DPSWAA-51-231,10.198.51.231
DPSWAA-51-232,10.198.51.232
DPSWAA-51-233,10.198.51.233
DPSWAA-51-234,10.198.51.234
DPSWAA-51-235,10.198.51.235
DPSWAA-51-236,10.198.51.236
DPSWAA-51-237,10.198.51.237
DPSWAA-51-238,10.198.51.238
DPSWAA-51-239,10.198.51.239
DPSWAA-51-240,10.198.51.240
DPSWAA-51-241,10.198.51.241
DPSWAA-51-242,10.198.51.242
DPSWAA-51-243,10.198.51.243
DPSWAA-51-244,10.198.51.244
DPSWAA-51-245,10.198.51.245
DPSWAA-51-246,10.198.51.246
DPSWAA-51-247,10.198.51.247
DPSWAA-51-248,10.198.51.248
DPSWAA-51-249,10.198.51.249
DPSWAA-51-250,10.198.51.250
DPSWAA-51-251,10.198.51.251
DPSWAA-51-252,10.198.51.252
DPSWAA-51-253,10.198.51.253
DPSWAA-51-254,10.198.51.254
10,10.226.3410
11,10.226.3411
12,10.226.3412
13,10.226.3413
14,10.226.3414
15,10.226.3415
16,10.226.3416
17,10.226.3417
18,10.226.3418
19,10.226.3419
20,10.226.3420
21,10.226.3421
22,10.226.3422
23,10.226.3423
24,10.226.3424
25,10.226.3425
26,10.226.3426
27,10.226.3427
28,10.226.3428
29,10.226.3429
30,10.226.3430
31,10.226.3431
32,10.226.3432
33,10.226.3433
34,10.226.3434
35,10.226.3435
36,10.226.3436
37,10.226.3437
38,10.226.3438
39,10.226.3439
40,10.226.3440
41,10.226.3441
42,10.226.3442
43,10.226.3443
44,10.226.3444
45,10.226.3445
46,10.226.3446
47,10.226.3447
48,10.226.3448
49,10.226.3449
50,10.226.3450
51,10.226.3451
52,10.226.3452
53,10.226.3453
54,10.226.3454
55,10.226.3455
56,10.226.3456
57,10.226.3457
58,10.226.3458
59,10.226.3459
60,10.226.3460
61,10.226.3461
62,10.226.3462
63,10.226.3463
64,10.226.3464
65,10.226.3465
66,10.226.3466
67,10.226.3467
68,10.226.3468
69,10.226.3469
70,10.226.3470
71,10.226.3471
72,10.226.3472
73,10.226.3473
74,10.226.3474
75,10.226.3475
76,10.226.3476
77,10.226.3477
78,10.226.3478
79,10.226.3479
80,10.226.3480
81,10.226.3481
82,10.226.3482
83,10.226.3483
84,10.226.3484
85,10.226.3485
86,10.226.3486
87,10.226.3487
88,10.226.3488
89,10.226.3489
90,10.226.3490
91,10.226.3491
92,10.226.3492
93,10.226.3493
94,10.226.3494
95,10.226.3495
96,10.226.3496
97,10.226.3497
98,10.226.3498
99,10.226.3499
100,10.226.34100
101,10.226.34101
102,10.226.34102
103,10.226.34103
104,10.226.34104
105,10.226.34105
106,10.226.34106
107,10.226.34107
108,10.226.34108
109,10.226.34109
110,10.226.34110
111,10.226.34111
112,10.226.34112
113,10.226.34113
114,10.226.34114
115,10.226.34115
116,10.226.34116
117,10.226.34117
118,10.226.34118
119,10.226.34119
120,10.226.34120
121,10.226.34121
122,10.226.34122
123,10.226.34123
124,10.226.34124
125,10.226.34125
126,10.226.34126
127,10.226.34127
128,10.226.34128
129,10.226.34129
130,10.226.34130
131,10.226.34131
132,10.226.34132
133,10.226.34133
134,10.226.34134
135,10.226.34135
136,10.226.34136
137,10.226.34137
138,10.226.34138
139,10.226.34139
140,10.226.34140
141,10.226.34141
142,10.226.34142
143,10.226.34143
144,10.226.34144
145,10.226.34145
146,10.226.34146
147,10.226.34147
148,10.226.34148
149,10.226.34149
150,10.226.34150
151,10.226.34151
152,10.226.34152
153,10.226.34153
154,10.226.34154
155,10.226.34155
156,10.226.34156
157,10.226.34157
158,10.226.34158
159,10.226.34159
160,10.226.34160
161,10.226.34161
162,10.226.34162
163,10.226.34163
164,10.226.34164
165,10.226.34165
166,10.226.34166
167,10.226.34167
168,10.226.34168
169,10.226.34169
170,10.226.34170
171,10.226.34171
172,10.226.34172
173,10.226.34173
174,10.226.34174
175,10.226.34175
176,10.226.34176
177,10.226.34177
178,10.226.34178
179,10.226.34179
180,10.226.34180
181,10.226.34181
182,10.226.34182
183,10.226.34183
184,10.226.34184
185,10.226.34185
186,10.226.34186
187,10.226.34187
188,10.226.34188
189,10.226.34189
190,10.226.34190
191,10.226.34191
192,10.226.34192
193,10.226.34193
194,10.226.34194
195,10.226.34195
196,10.226.34196
197,10.226.34197
198,10.226.34198
199,10.226.34199
200,10.226.34200
201,10.226.34201
202,10.226.34202
203,10.226.34203
204,10.226.34204
205,10.226.34205
206,10.226.34206
207,10.226.34207
208,10.226.34208
209,10.226.34209
210,10.226.34210
211,10.226.34211
212,10.226.34212
213,10.226.34213
214,10.226.34214
215,10.226.34215
216,10.226.34216
217,10.226.34217
218,10.226.34218
219,10.226.34219
220,10.226.34220
221,10.226.34221
222,10.226.34222
223,10.226.34223
224,10.226.34224
225,10.226.34225
226,10.226.34226
227,10.226.34227
228,10.226.34228
229,10.226.34229
230,10.226.34230
231,10.226.34231
232,10.226.34232
233,10.226.34233
234,10.226.34234
235,10.226.34235
236,10.226.34236
237,10.226.34237
238,10.226.34238
239,10.226.34239
240,10.226.34240
241,10.226.34241
242,10.226.34242
243,10.226.34243
244,10.226.34244
245,10.226.34245
246,10.226.34246
247,10.226.34247
248,10.226.34248
249,10.226.34249
250,10.226.34250
251,10.226.34251
252,10.226.34252
253,10.226.34253
254,10.226.34254
